{"blend_meshes":[{"name_id":"Cube","vertices":[-0.7074214220046997,-1.111950397491455,0.18555891513824463,-1.7280350923538208,0.4647367000579834,-0.5017586946487427,-1.6089544296264648,0.9252678751945496,0.377860963344574,-0.5883407592773438,-0.6514192223548889,1.065178632736206,-0.5883407592773438,-0.6514192223548889,1.065178632736206,-1.6089544296264648,0.9252678751945496,0.377860963344574,0.09446179866790771,1.7411733865737915,-0.27991634607315063,1.1150753498077393,0.16448639333248138,0.4074013829231262,0.9959946870803833,-0.2960447371006012,-0.47221839427948,-0.024618864059448242,1.2806422710418701,-1.1595361232757568,-0.1436995267868042,0.8201112151145935,-2.0391557216644287,0.8769140839576721,-0.756575882434845,-1.3518381118774414,0.8769140839576721,-0.756575882434845,-1.3518381118774414,-0.1436995267868042,0.8201112151145935,-2.0391557216644287,-1.8471157550811768,0.004205569624900818,-1.381378412246704,-0.8265020847320557,-1.5724815130233765,-0.694060742855072,-0.7074214220046997,-1.111950397491455,0.18555891513824463,0.9959946870803833,-0.2960447371006012,-0.47221839427948,0.8769140839576721,-0.756575882434845,-1.3518381118774414,-0.8265020847320557,-1.5724815130233765,-0.694060742855072,-0.024618864059448242,1.2806422710418701,-1.1595361232757568,-1.7280350923538208,0.4647367000579834,-0.5017586946487427,-1.8471157550811768,0.004205569624900818,-1.381378412246704,-0.1436995267868042,0.8201112151145935,-2.0391557216644287,0.09446179866790771,1.7411733865737915,-0.27991634607315063,-1.6089544296264648,0.9252678751945496,0.377860963344574,-1.7280350923538208,0.4647367000579834,-0.5017586946487427,-0.024618864059448242,1.2806422710418701,-1.1595361232757568,-0.5883407592773438,-0.6514192223548889,1.065178632736206,1.1150753498077393,0.16448639333248138,0.4074013829231262,0.9959946870803833,-0.2960447371006012,-0.47221839427948,-0.7074214220046997,-1.111950397491455,0.18555891513824463,1.1150753498077393,0.16448639333248138,0.4074013829231262,0.09446179866790771,1.7411733865737915,-0.27991634607315063,-0.024618864059448242,1.2806422710418701,-1.1595361232757568,0.9959946870803833,-0.2960447371006012,-0.47221839427948,-0.8265020847320557,-1.5724815130233765,-0.694060742855072,-1.8471157550811768,0.004205569624900818,-1.381378412246704,-1.7280350923538208,0.4647367000579834,-0.5017586946487427,-0.7074214220046997,-1.111950397491455,0.18555891513824463],"normals":[-0.8517081141471863,-0.40795281529426575,0.3288886547088623,-0.8517081141471863,-0.40795281529426575,0.3288886547088623,-0.8517081141471863,-0.40795281529426575,0.3288886547088623,-0.8517081141471863,-0.40795281529426575,0.3288886547088623,0.11908064782619476,0.46053117513656616,0.8796197772026062,0.11908064782619476,0.46053117513656616,0.8796197772026062,0.11908064782619476,0.46053117513656616,0.8796197772026062,0.11908064782619476,0.46053117513656616,0.8796197772026062,0.8517082333564758,0.40795284509658813,-0.3288886249065399,0.8517082333564758,0.40795284509658813,-0.3288886249065399,0.8517082333564758,0.40795284509658813,-0.3288886249065399,0.8517082333564758,0.40795284509658813,-0.3288886249065399,-0.11908066272735596,-0.46053120493888855,-0.8796197175979614,-0.11908066272735596,-0.46053120493888855,-0.8796197175979614,-0.11908066272735596,-0.46053120493888855,-0.8796197175979614,-0.11908066272735596,-0.46053120493888855,-0.8796197175979614,0.5103068947792053,-0.7883435487747192,0.34365883469581604,0.5103068947792053,-0.7883435487747192,0.34365883469581604,0.5103068947792053,-0.7883435487747192,0.34365883469581604,0.5103068947792053,-0.7883435487747192,0.34365883469581604,-0.5103068947792053,0.7883435487747192,-0.34365883469581604,-0.5103068947792053,0.7883435487747192,-0.34365883469581604,-0.5103068947792053,0.7883435487747192,-0.34365883469581604,-0.5103068947792053,0.7883435487747192,-0.34365883469581604,-0.5103068351745605,0.7883435487747192,-0.34365877509117126,-0.5103068351745605,0.7883435487747192,-0.34365877509117126,-0.5103068351745605,0.7883435487747192,-0.34365877509117126,-0.5103068351745605,0.7883435487747192,-0.34365877509117126,0.5103068947792053,-0.788343608379364,0.34365883469581604,0.5103068947792053,-0.788343608379364,0.34365883469581604,0.5103068947792053,-0.788343608379364,0.34365883469581604,0.5103068947792053,-0.788343608379364,0.34365883469581604,0.8517082333564758,0.40795284509658813,-0.3288886249065399,0.8517082333564758,0.40795284509658813,-0.3288886249065399,0.8517082333564758,0.40795284509658813,-0.3288886249065399,0.8517082333564758,0.40795284509658813,-0.3288886249065399,-0.8517081141471863,-0.40795284509658813,0.3288886547088623,-0.8517081141471863,-0.40795284509658813,0.3288886547088623,-0.8517081141471863,-0.40795284509658813,0.3288886547088623,-0.8517081141471863,-0.40795284509658813,0.3288886547088623],"uv":[],"uv1":[],"uv2":[],"uv3":[],"uv4":[],"uv5":[],"uv6":[],"uv7":[],"uv8":[],"sub_meshes":[{"triangles":[4,6,5,4,7,6,8,10,9,8,11,10,12,14,13,12,15,14,16,18,17,16,19,18,20,22,21,20,23,22,36,38,37,36,39,38]},{"triangles":[0,2,1,0,3,2,24,26,25,24,27,26,28,30,29,28,31,30,32,34,33,32,35,34]}]}]}