{"blend_meshes":[{"name_id":"Cube","vertices":[-0.8265020847320557,-1.5724815130233765,-0.694060742855072,-1.8471157550811768,0.004205569624900818,-1.381378412246704,-1.6089544296264648,0.9252678751945496,0.377860963344574,-0.5883407592773438,-0.6514192223548889,1.065178632736206,-0.5883407592773438,-0.6514192223548889,1.065178632736206,-1.6089544296264648,0.9252678751945496,0.377860963344574,0.09446179866790771,1.7411733865737915,-0.27991634607315063,1.1150753498077393,0.16448639333248138,0.4074013829231262,1.1150753498077393,0.16448639333248138,0.4074013829231262,0.09446179866790771,1.7411733865737915,-0.27991634607315063,-0.1436995267868042,0.8201112151145935,-2.0391557216644287,0.8769140839576721,-0.756575882434845,-1.3518381118774414,0.8769140839576721,-0.756575882434845,-1.3518381118774414,-0.1436995267868042,0.8201112151145935,-2.0391557216644287,-1.8471157550811768,0.004205569624900818,-1.381378412246704,-0.8265020847320557,-1.5724815130233765,-0.694060742855072,-0.5883407592773438,-0.6514192223548889,1.065178632736206,1.1150753498077393,0.16448639333248138,0.4074013829231262,0.8769140839576721,-0.756575882434845,-1.3518381118774414,-0.8265020847320557,-1.5724815130233765,-0.694060742855072,0.09446179866790771,1.7411733865737915,-0.27991634607315063,-1.6089544296264648,0.9252678751945496,0.377860963344574,-1.8471157550811768,0.004205569624900818,-1.381378412246704,-0.1436995267868042,0.8201112151145935,-2.0391557216644287],"normals":[-0.851708173751831,-0.40795284509658813,0.3288886547088623,-0.851708173751831,-0.40795284509658813,0.3288886547088623,-0.851708173751831,-0.40795284509658813,0.3288886547088623,-0.851708173751831,-0.40795284509658813,0.3288886547088623,0.11908064782619476,0.46053117513656616,0.8796197772026062,0.11908064782619476,0.46053117513656616,0.8796197772026062,0.11908064782619476,0.46053117513656616,0.8796197772026062,0.11908064782619476,0.46053117513656616,0.8796197772026062,0.8517082333564758,0.4079528748989105,-0.3288886249065399,0.8517082333564758,0.4079528748989105,-0.3288886249065399,0.8517082333564758,0.4079528748989105,-0.3288886249065399,0.8517082333564758,0.4079528748989105,-0.3288886249065399,-0.11908066272735596,-0.46053120493888855,-0.8796197175979614,-0.11908066272735596,-0.46053120493888855,-0.8796197175979614,-0.11908066272735596,-0.46053120493888855,-0.8796197175979614,-0.11908066272735596,-0.46053120493888855,-0.8796197175979614,0.5103068947792053,-0.7883435487747192,0.34365883469581604,0.5103068947792053,-0.7883435487747192,0.34365883469581604,0.5103068947792053,-0.7883435487747192,0.34365883469581604,0.5103068947792053,-0.7883435487747192,0.34365883469581604,-0.5103068351745605,0.788343608379364,-0.34365880489349365,-0.5103068351745605,0.788343608379364,-0.34365880489349365,-0.5103068351745605,0.788343608379364,-0.34365880489349365,-0.5103068351745605,0.788343608379364,-0.34365880489349365],"uv":[],"uv1":[],"uv2":[],"uv3":[],"uv4":[],"uv5":[],"uv6":[],"uv7":[],"uv8":[],"sub_meshes":[{"triangles":[0,2,1,0,3,2,4,6,5,4,7,6,8,10,9,8,11,10,12,14,13,12,15,14,16,18,17,16,19,18,20,22,21,20,23,22]}]}]}